<?xml version="1.0" encoding="UTF-8"?>
<con:soapui-project id="9bcbf6a9-bed5-47b3-b669-13196353ac27" created="3.47.0" activeEnvironment="Default environment" encryptionMode="Not encrypted" name="FST ReadyAPI Project" resourceRoot="${projectDir}" projectVersion="" updated="3.47.0 2023-06-30T11:24:47Z" abortOnError="false" runType="SEQUENTIAL" soapui-version="5.7.0" xmlns:con="http://eviware.com/soapui/config"><con:settings/><con:interface xsi:type="con:RestService" id="846dcbb4-4ef4-4bf7-b9b1-b9fb738b25a0" wadlVersion="http://wadl.dev.java.net/2009/02" name="https://api.github.com" type="rest" xmlns:xsi="http://www.w3.org/2001/XMLSchema-instance"><con:settings id="51be0232-b233-46dd-b2dd-0d2edaefe68e"/><con:definitionCache type="TEXT" rootPart=""/><con:endpoints><con:endpoint>https://api.github.com</con:endpoint></con:endpoints><con:resource name="Emails" path="/user/emails" id="04a56e0f-b00a-497b-9191-1f00399ee198"><con:settings/><con:parameters/><con:method name="Emails" id="45c76173-893b-4bb0-91de-06b1004557fc" method="GET"><con:settings/><con:parameters/><con:representation type="RESPONSE"><con:mediaType>application/json; charset=utf-8</con:mediaType><con:status>200</con:status><con:params/><con:element>Response</con:element></con:representation><con:request name="Request 1" id="97839d38-bf21-474c-a6a1-78e3847ea30d" mediaType="application/json"><con:settings/><con:endpoint>https://api.github.com</con:endpoint><con:credentials><con:selectedAuthProfile>No Authorization</con:selectedAuthProfile><con:authType>No Authorization</con:authType></con:credentials><con:parameters/></con:request></con:method></con:resource><con:resource name="Keys" path="/user/keys" id="bdbc7d76-9759-4e4e-aca6-7ed898e167f5"><con:settings/><con:parameters/><con:method name="Keys" id="e9e7ff4c-36eb-4c09-8c01-d4ea57037506" method="POST"><con:settings/><con:parameters/><con:representation type="REQUEST"><con:mediaType>application/xml</con:mediaType><con:params/></con:representation><con:representation type="FAULT"><con:mediaType>application/json; charset=utf-8</con:mediaType><con:status>400</con:status><con:params/><con:element xmlns:keys="https://api.github.com/user/keys">keys:Fault</con:element></con:representation><con:representation type="REQUEST"><con:mediaType>application/json</con:mediaType><con:params/></con:representation><con:representation type="RESPONSE"><con:mediaType>application/json; charset=utf-8</con:mediaType><con:status>201</con:status><con:params/><con:element xmlns:keys="https://api.github.com/user/keys">keys:Response</con:element></con:representation><con:request name="Request 1" id="bcfca729-7d52-47d7-9a9c-ac0f41230882" mediaType="application/json"><con:settings/><con:endpoint>https://api.github.com</con:endpoint><con:credentials><con:selectedAuthProfile>No Authorization</con:selectedAuthProfile><con:authType>No Authorization</con:authType></con:credentials><con:parameters/></con:request></con:method></con:resource><con:resource name="Keyid" path="/user/keys/{keyid}" id="6dc6c585-25c4-4719-bb13-b34ca9e8db32"><con:settings/><con:parameters/><con:method name="Keyid" id="cb68f693-78a9-4886-ab1e-a329eea1e21d" method="DELETE"><con:settings/><con:parameters><con:parameter required="true"><con:name>keyid</con:name><con:value>keyid</con:value><con:style>TEMPLATE</con:style><con:default>keyid</con:default><con:path xsi:nil="true"/><con:description xsi:nil="true"/></con:parameter></con:parameters><con:representation type="RESPONSE"><con:mediaType xsi:nil="true"/><con:status>204</con:status><con:params/><con:element>data</con:element></con:representation><con:representation type="REQUEST"><con:mediaType>application/json</con:mediaType><con:params/></con:representation><con:request name="Request 1" id="5aaad62c-adbc-47ec-9953-14eb566503f5" mediaType="application/json"><con:settings/><con:endpoint>https://api.github.com</con:endpoint><con:credentials><con:selectedAuthProfile>No Authorization</con:selectedAuthProfile><con:authType>No Authorization</con:authType></con:credentials><con:parameters><con:entry key="keyid" value="keyid"/></con:parameters><con:parameterOrder><con:entry>keyid</con:entry></con:parameterOrder></con:request></con:method></con:resource></con:interface><con:testSuite id="6210ce98-c38b-4189-9773-76919106fdb9" name="https://api.github.com Test Suite"><con:settings id="b23e9976-e265-4558-8a62-857c32cef89e"><con:setting id="IncludeOverview">true</con:setting><con:setting id="IncludeResults">true</con:setting><con:setting id="FlowLayout">false</con:setting><con:setting id="ErrorDetails">true</con:setting><con:setting id="IncludeCoverage">true</con:setting><con:setting id="GeneratableJUnitReport@Style">Multiple Pages</con:setting><con:setting id="GeneratableJUnitReport@Folder">C:\Users\SitharaK\Desktop\FST\API activities</con:setting></con:settings><con:runType>SEQUENTIAL</con:runType><con:testCase id="5bb6776d-b007-4655-96ed-0d261f807836" discardOkResults="false" failOnError="false" failTestCaseOnErrors="true" keepSession="false" name="Test Case" searchProperties="true" timeout="0" maxResults="0"><con:settings><con:setting id="IncludeOverview">true</con:setting><con:setting id="IncludeResults">true</con:setting><con:setting id="FlowLayout">true</con:setting><con:setting id="ErrorDetails">true</con:setting><con:setting id="IncludeCoverage">true</con:setting><con:setting id="GeneratableJUnitReport@Style">Multiple Pages</con:setting><con:setting id="GeneratableJUnitReport@Folder">C:\SoapUI</con:setting></con:settings><con:testStep type="restrequest" name="GetEmail" id="91ffd44f-2e6d-474e-9e0f-003381aa178a"><con:settings/><con:config service="https://api.github.com" resourcePath="/user/emails" methodName="Emails" xsi:type="con:RestRequestStep" xmlns:xsi="http://www.w3.org/2001/XMLSchema-instance"><con:restRequest name="GetEmail" id="97839d38-bf21-474c-a6a1-78e3847ea30d" mediaType="application/json"><con:settings><con:setting id="com.eviware.soapui.impl.wsdl.WsdlRequest@request-headers">&lt;xml-fragment/></con:setting></con:settings><con:endpoint>https://api.github.com</con:endpoint><con:request/><con:originalUri>https://api.github.com/user/emails</con:originalUri><con:assertion type="Valid HTTP Status Codes" id="00c7049e-bc0d-4e89-89de-817e506c0ca0" name="Valid HTTP Status Codes"><con:settings/><con:configuration><codes>200</codes></con:configuration></con:assertion><con:assertion type="JsonPath Match" id="6884902a-80e8-499f-a3f3-546aba0de9a6" name="JSONPath Match"><con:configuration><path>$[0]['email']</path><content>"sithark4@in.ibm.com"</content><allowWildcards>false</allowWildcards><ignoreNamspaceDifferences>false</ignoreNamspaceDifferences><ignoreComments>false</ignoreComments></con:configuration></con:assertion><con:credentials><con:selectedAuthProfile>admin</con:selectedAuthProfile><con:authType>No Authorization</con:authType></con:credentials><con:jmsConfig JMSDeliveryMode="PERSISTENT"/><con:parameters/></con:restRequest></con:config></con:testStep><con:testStep type="restrequest" name="AddKeys" id="bfb1b53c-7ab7-4dcc-a1f1-df78af1f52ef"><con:settings/><con:config service="https://api.github.com" resourcePath="/user/keys" methodName="Keys" xsi:type="con:RestRequestStep" xmlns:xsi="http://www.w3.org/2001/XMLSchema-instance"><con:restRequest name="AddKeys" id="bcfca729-7d52-47d7-9a9c-ac0f41230882" mediaType="application/json" postQueryString="false"><con:settings><con:setting id="com.eviware.soapui.impl.wsdl.WsdlRequest@request-headers">&lt;xml-fragment/></con:setting></con:settings><con:endpoint>https://api.github.com</con:endpoint><con:request>{
"title" : "TestKey",
"key": "ssh-ed25519 AAAAC3NzaC1lZDI1NTE5AAAAIJ053IsX6OF+Li/lTuwX0jUJAT0Tn8I3zvgJADr2DKuW"
}</con:request><con:originalUri>https://api.github.com/user/keys</con:originalUri><con:assertion type="Valid HTTP Status Codes" id="8ab61aee-11e1-446b-9c28-4fa13500d1c1" name="Valid HTTP Status Codes"><con:settings/><con:configuration><codes>201</codes></con:configuration></con:assertion><con:assertion type="JsonPath Match" id="dbabaa12-8c33-4145-9e9b-dc93576294a0" name="JSONPath Match"><con:configuration><path>$['key']</path><content>"ssh-ed25519 AAAAC3NzaC1lZDI1NTE5AAAAIJ053IsX6OF+Li/lTuwX0jUJAT0Tn8I3zvgJADr2DKuW"</content><allowWildcards>false</allowWildcards><ignoreNamspaceDifferences>false</ignoreNamspaceDifferences><ignoreComments>false</ignoreComments></con:configuration></con:assertion><con:credentials><con:selectedAuthProfile>admin</con:selectedAuthProfile><con:authType>No Authorization</con:authType></con:credentials><con:jmsConfig JMSDeliveryMode="PERSISTENT"/><con:parameters/></con:restRequest></con:config></con:testStep><con:testStep type="transfer" name="Property Transfer" id="923ef896-77c3-43cc-94ca-a35327a08e26"><con:settings/><con:config xsi:type="con:PropertyTransfersStep" xmlns:xsi="http://www.w3.org/2001/XMLSchema-instance"><con:transfers setNullOnMissingSource="true" transferTextContent="true" failOnError="true" ignoreEmpty="false" transferToAll="false" entitize="false" transferChildNodes="false"><con:name>KeyID</con:name><con:sourceType>Response</con:sourceType><con:sourceStep>AddKeys</con:sourceStep><con:sourcePath>$['id']</con:sourcePath><con:targetType>keyid</con:targetType><con:targetStep>DeleteKeys</con:targetStep><con:targetPath/><con:type>JSONPATH</con:type><con:targetTransferType>JSONPATH</con:targetTransferType><con:upgraded>true</con:upgraded></con:transfers></con:config></con:testStep><con:testStep type="restrequest" name="DeleteKeys" id="bbe0ab1f-5579-40c6-ac27-6acebacc06e7"><con:settings/><con:config service="https://api.github.com" resourcePath="/user/keys/{keyid}" methodName="Keyid" xsi:type="con:RestRequestStep" xmlns:xsi="http://www.w3.org/2001/XMLSchema-instance"><con:restRequest name="DeleteKeys" id="5aaad62c-adbc-47ec-9953-14eb566503f5" mediaType="application/json" postQueryString="false"><con:settings><con:setting id="com.eviware.soapui.impl.wsdl.WsdlRequest@request-headers">&lt;xml-fragment/></con:setting></con:settings><con:endpoint>https://api.github.com</con:endpoint><con:request/><con:originalUri>https://api.github.com/user/keys/87274691</con:originalUri><con:assertion type="Valid HTTP Status Codes" id="684f06ff-26e9-4d5c-a01a-a13b8ab98712" name="Valid HTTP Status Codes"><con:settings/><con:configuration><codes>204</codes></con:configuration></con:assertion><con:credentials><con:selectedAuthProfile>admin</con:selectedAuthProfile><con:authType>No Authorization</con:authType></con:credentials><con:jmsConfig JMSDeliveryMode="PERSISTENT"/><con:parameters><con:entry key="keyid" value="87809035"/></con:parameters><con:parameterOrder><con:entry>keyid</con:entry></con:parameterOrder></con:restRequest></con:config></con:testStep><con:properties/><con:reportParameters/></con:testCase><con:properties/><con:reportParameters/></con:testSuite><con:requirements/><con:properties/><con:wssContainer/><con:databaseConnectionContainer/><con:jmsConnectionContainer/><con:oAuth2ProfileContainer><con:oAuth2Profile><con:name>admin</con:name><con:type>OAuth 2.0</con:type><con:accessToken>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</con:accessToken><con:accessTokenPosition>HEADER</con:accessTokenPosition><con:accessTokenStartingStatus>ENTERED_MANUALLY</con:accessTokenStartingStatus><con:oAuth2Flow>AUTHORIZATION_CODE_GRANT</con:oAuth2Flow><con:refreshAccessTokenMethod>AUTOMATIC</con:refreshAccessTokenMethod><con:jwtConfiguration/><con:responseType>id_token</con:responseType></con:oAuth2Profile></con:oAuth2ProfileContainer><con:oAuth1ProfileContainer/><con:reporting><con:xmlTemplates/><con:parameters/></con:reporting><con:eventHandlers type="RequestFilter.filterRequest" name="RequestFilter.filterRequest"><con:script>// Sample event script to add custom HTTP header to all outgoing REST, SOAP and HTTP(S) calls
// This code is often used for adding custom authentication to ReadyAPI functional tests

// If hardcoding the token, uncomment and change line 5
// token = '4567'

// If your token is parameterized in Project level custom property, uncomment line 8
// token = request.parent.testCase.testSuite.project.getProperty('auth_token').getValue()

// To modify all outgoing calls, remove comments from lines 11 to 16
// headers = request.requestHeaders
// if (headers.containsKey('auth_token2') == false) {
//   headers.put('auth_token2', token)
//   request.requestHeaders = headers
// }</con:script></con:eventHandlers><con:eventHandlers type="TestRunListener.afterStep" name="TestRunListener.afterStep"><con:script>// Save all test step results into files
// Change the directory path in line 5 to a location where you want to store details
// then uncomment lines 5 to 10

// filePath = 'C:\\tempOutputDirectory\\'
// fos = new java.io.FileOutputStream(filePath + testStepResult.testStep.label + '.txt', true)
// pw = new java.io.PrintWriter(fos)
// testStepResult.writeTo(pw)
// pw.close()
// fos.close()</con:script></con:eventHandlers><con:authRepository><con:oAuth20AuthEntry><con:name>admin</con:name><con:type>OAuth 2.0</con:type><con:accessToken>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</con:accessToken><con:accessTokenPosition>HEADER</con:accessTokenPosition><con:accessTokenStartingStatus>ENTERED_MANUALLY</con:accessTokenStartingStatus><con:oAuth2Flow>AUTHORIZATION_CODE_GRANT</con:oAuth2Flow><con:refreshAccessTokenMethod>AUTOMATIC</con:refreshAccessTokenMethod><con:jwtConfiguration/><con:responseType>id_token</con:responseType></con:oAuth20AuthEntry></con:authRepository><con:tags/></con:soapui-project>