<?xml version="1.0" encoding="UTF-8"?>
<con:soapui-project id="951ebec9-4650-4ee0-b2fe-26adf2c90f3f" created="3.47.0" activeEnvironment="Default environment" encryptionMode="Not encrypted" name="Activity6" resourceRoot="${projectDir}" projectVersion="" updated="3.47.0 2023-06-30T11:24:47Z" xmlns:con="http://eviware.com/soapui/config"><con:settings/><con:interface xsi:type="con:RestService" id="66295fb1-829c-40fe-96fa-fafb98da297d" wadlVersion="http://wadl.dev.java.net/2009/02" name="http://ipwhois.app" type="rest" xmlns:xsi="http://www.w3.org/2001/XMLSchema-instance"><con:settings id="b70300c2-da79-4209-b50b-2d5a89fd7c52"/><con:definitionCache type="TEXT" rootPart=""/><con:endpoints><con:endpoint>http://ipwhois.app</con:endpoint></con:endpoints><con:resource name="IP" path="/json/{IP}" id="f9f0153a-bfe5-4556-b9ba-643bd2db49db"><con:settings/><con:parameters/><con:method name="IP" id="79ade60f-f528-47c5-a6ba-e8710f2e78d4" method="GET"><con:settings/><con:parameters><con:parameter required="true"><con:name>IP</con:name><con:value>IP</con:value><con:style>TEMPLATE</con:style><con:default>IP</con:default><con:path xsi:nil="true"/><con:description xsi:nil="true"/></con:parameter></con:parameters><con:representation type="RESPONSE"><con:mediaType>application/json; charset=utf-8</con:mediaType><con:status>200</con:status><con:params/><con:element xmlns:ns="http://ipwhois.app/json/35.208.225.81">ns:Response</con:element></con:representation><con:request name="Request 1" id="5c2d2880-4f4a-4c46-a748-85515bf6361d" mediaType="application/json"><con:settings/><con:endpoint>http://ipwhois.app</con:endpoint><con:credentials><con:selectedAuthProfile>No Authorization</con:selectedAuthProfile><con:authType>No Authorization</con:authType></con:credentials><con:parameters><con:entry key="IP" value="IP"/></con:parameters><con:parameterOrder><con:entry>IP</con:entry></con:parameterOrder></con:request></con:method></con:resource></con:interface><con:testSuite id="a64457e2-8d35-4bc6-90a0-9a0b79ff31f9" name="http://ipwhois.app Test Suite"><con:settings id="f777246d-5781-4db8-8078-ce4427a89e0c"/><con:runType>SEQUENTIAL</con:runType><con:testCase id="af129c8e-71ef-4bc3-bfbd-4db359e98376" discardOkResults="false" failOnError="false" failTestCaseOnErrors="true" keepSession="false" name="http://ipwhois.app Test Case 1" searchProperties="true" timeout="0"><con:settings/><con:testStep type="datasource" name="Data Source" id="fb749cf7-f987-43f1-81a0-fae3f01d11fc"><con:settings/><con:config xsi:type="con:DataSourceStep" xmlns:xsi="http://www.w3.org/2001/XMLSchema-instance"><con:dataSource type="Data Generator"><con:configuration><generatedDataCount>3</generatedDataCount><generatorsTotalNumber>1</generatorsTotalNumber><lastSelectedProperty>-1</lastSelectedProperty><GeneratorType0>COMP</GeneratorType0><PropertyName0>IP</PropertyName0><repetitionCountIP>0</repetitionCountIP><repeatValuesIP>false</repeatValuesIP><ComputerAddressTypeIP>IPv4</ComputerAddressTypeIP><escapeSpaceSequence/></con:configuration></con:dataSource><con:shared>false</con:shared><con:restartShared>false</con:restartShared><con:property>IP</con:property><con:completeLastOperation>true</con:completeLastOperation><con:restartOnRun>true</con:restartOnRun><con:stopDatasourceExhausted>false</con:stopDatasourceExhausted></con:config></con:testStep><con:testStep type="restrequest" name="Request 1" id="04e9f7c6-2dc6-41be-93c0-deaf9f84464f"><con:settings/><con:config service="http://ipwhois.app" resourcePath="/json/{IP}" methodName="IP" xsi:type="con:RestRequestStep" xmlns:xsi="http://www.w3.org/2001/XMLSchema-instance"><con:restRequest name="Request 1" id="5c2d2880-4f4a-4c46-a748-85515bf6361d" mediaType="application/json"><con:settings><con:setting id="com.eviware.soapui.impl.wsdl.WsdlRequest@request-headers">&lt;xml-fragment/></con:setting></con:settings><con:endpoint>http://ipwhois.app</con:endpoint><con:request/><con:originalUri>http://ipwhois.app/json/35.208.225.81</con:originalUri><con:assertion type="Valid HTTP Status Codes" id="2e530203-ae60-446c-8d21-10665a036fb3" name="Valid HTTP Status Codes"><con:settings/><con:configuration><codes>200</codes></con:configuration></con:assertion><con:assertion type="JsonPath Match" id="03981e5f-7d4e-44ba-8004-22fa77740741" name="JSONPath Match"><con:configuration><path>$['country']</path><content>${Request 1#Response#$['country']}</content><allowWildcards>false</allowWildcards><ignoreNamspaceDifferences>false</ignoreNamspaceDifferences><ignoreComments>false</ignoreComments></con:configuration></con:assertion><con:credentials><con:selectedAuthProfile>No Authorization</con:selectedAuthProfile><con:authType>No Authorization</con:authType></con:credentials><con:jmsConfig JMSDeliveryMode="PERSISTENT"/><con:parameters><con:entry key="IP" value="${Data Source#IP}"/></con:parameters><con:parameterOrder><con:entry>IP</con:entry></con:parameterOrder></con:restRequest></con:config></con:testStep><con:testStep type="transfer" name="PropertyTransfer 1" id="126d57e6-53b6-4984-aace-57ad49a9ab52"><con:settings/><con:config xsi:type="con:PropertyTransfersStep" xmlns:xsi="http://www.w3.org/2001/XMLSchema-instance"><con:transfers setNullOnMissingSource="true" transferTextContent="true" failOnError="true"><con:name>city</con:name><con:sourceType>Response</con:sourceType><con:sourceStep>Request 1</con:sourceStep><con:sourcePath>$['city']</con:sourcePath><con:targetType>city_name</con:targetType><con:targetStep>Data Sink</con:targetStep><con:targetPath/><con:type>JSONPATH</con:type><con:upgraded>true</con:upgraded></con:transfers><con:transfers setNullOnMissingSource="true" transferTextContent="true" failOnError="true" ignoreEmpty="false" transferToAll="false" entitize="false" transferChildNodes="false"><con:name>latitude</con:name><con:sourceType>Response</con:sourceType><con:sourceStep>Request 1</con:sourceStep><con:sourcePath>$['latitude']</con:sourcePath><con:targetType>latitude</con:targetType><con:targetStep>Data Sink</con:targetStep><con:type>JSONPATH</con:type><con:upgraded>true</con:upgraded></con:transfers><con:transfers setNullOnMissingSource="true" transferTextContent="true" failOnError="true" ignoreEmpty="false" transferToAll="false" entitize="false" transferChildNodes="false"><con:name>longitude</con:name><con:sourceType>Response</con:sourceType><con:sourceStep>Request 1</con:sourceStep><con:sourcePath>$['longitude']</con:sourcePath><con:targetType>longitude</con:targetType><con:targetStep>Data Sink</con:targetStep><con:type>JSONPATH</con:type><con:upgraded>true</con:upgraded></con:transfers></con:config></con:testStep><con:testStep type="datasink" name="Data Sink" id="ca38cb35-22b4-4c50-99f8-41ada12c47fd"><con:settings/><con:config xsi:type="con:DataSinkStep" xmlns:xsi="http://www.w3.org/2001/XMLSchema-instance"><con:dataSink type="JDBC"><con:configuration><driver>com.mysql.jdbc.Driver</driver><connstr>jdbc:mysql://db4free.net:3306/fstm1db?user=fstm1db&amp;password=PASS_VALUE</connstr><pass>5kki2ERWxiPqzXG</pass><Connection>jdc( Default environment )</Connection><query>insert into coordinates(city_name,latitude,longitude) values (?,?,?);</query><stored-procedure>false</stored-procedure></con:configuration></con:dataSink><con:properties><con:property><con:name>city_name</con:name><con:value>Singapore</con:value></con:property><con:property><con:name>latitude</con:name><con:value>1.3553794</con:value></con:property><con:property><con:name>longitude</con:name><con:value>103.8677444</con:value></con:property></con:properties></con:config></con:testStep><con:testStep type="datasourceloop" name="Data Source Loop" id="85335c9a-3dde-41b1-92fe-2fdf3c5fd24d"><con:settings/><con:config><dataSourceStep>Data Source</dataSourceStep><targetStep>Request 1</targetStep><discardResults>true</discardResults></con:config></con:testStep><con:properties/><con:reportParameters/></con:testCase><con:properties/><con:reportParameters/></con:testSuite><con:requirements/><con:properties/><con:wssContainer/><con:databaseConnectionContainer><con:databaseConnection><con:name>jdc</con:name><con:driver>com.mysql.jdbc.Driver</con:driver><con:connectionString>jdbc:mysql://db4free.net:3306/fstm1db?user=fstm1db&amp;password=PASS_VALUE</con:connectionString><con:password>5kki2ERWxiPqzXG</con:password><con:connectionProperties/></con:databaseConnection></con:databaseConnectionContainer><con:jmsConnectionContainer/><con:oAuth2ProfileContainer/><con:oAuth1ProfileContainer/><con:reporting><con:xmlTemplates/><con:parameters/></con:reporting><con:eventHandlers type="RequestFilter.filterRequest" name="RequestFilter.filterRequest"><con:script>// Sample event script to add custom HTTP header to all outgoing REST, SOAP and HTTP(S) calls
// This code is often used for adding custom authentication to ReadyAPI functional tests

// If hardcoding the token, uncomment and change line 5
// token = '4567'

// If your token is parameterized in Project level custom property, uncomment line 8
// token = request.parent.testCase.testSuite.project.getProperty('auth_token').getValue()

// To modify all outgoing calls, remove comments from lines 11 to 16
// headers = request.requestHeaders
// if (headers.containsKey('auth_token2') == false) {
//   headers.put('auth_token2', token)
//   request.requestHeaders = headers
// }</con:script></con:eventHandlers><con:eventHandlers type="TestRunListener.afterStep" name="TestRunListener.afterStep"><con:script>// Save all test step results into files
// Change the directory path in line 5 to a location where you want to store details
// then uncomment lines 5 to 10

// filePath = 'C:\\tempOutputDirectory\\'
// fos = new java.io.FileOutputStream(filePath + testStepResult.testStep.label + '.txt', true)
// pw = new java.io.PrintWriter(fos)
// testStepResult.writeTo(pw)
// pw.close()
// fos.close()</con:script></con:eventHandlers><con:authRepository/><con:tags/></con:soapui-project>