<?xml version="1.0" encoding="UTF-8"?>
<con:soapui-project id="d8240219-472d-410d-8565-dbda6358ea93" created="3.47.0" activeEnvironment="Default environment" encryptionMode="Not encrypted" name="Activity1" resourceRoot="${projectDir}" projectVersion="" updated="3.47.0 2023-06-30T11:24:47Z" abortOnError="false" runType="SEQUENTIAL" soapui-version="5.7.0" xmlns:con="http://eviware.com/soapui/config"><con:settings/><con:interface xsi:type="con:RestService" id="b37ab608-3a43-4e20-9ec8-ae642a6fbcc0" wadlVersion="http://wadl.dev.java.net/2009/02" name="https://petstore.swagger.io" type="rest" xmlns:xsi="http://www.w3.org/2001/XMLSchema-instance"><con:settings id="58fa1d36-2cf3-40a0-8d7e-f0eb14a40a65"/><con:definitionCache type="TEXT" rootPart=""/><con:endpoints><con:endpoint>https://petstore.swagger.io</con:endpoint></con:endpoints><con:resource name="User" path="/v2/user" id="a24864f3-6b19-4e95-89c0-b5266f9d336f"><con:settings/><con:parameters/><con:method name="User" id="8be9dd74-12a6-43a5-9dc7-6ffdbf2e294e" method="POST"><con:settings/><con:parameters/><con:representation type="RESPONSE"><con:mediaType>application/json</con:mediaType><con:status>200</con:status><con:params/><con:element xmlns:user="https://petstore.swagger.io/v2/user">user:Response</con:element></con:representation><con:representation type="REQUEST"><con:mediaType>application/json</con:mediaType><con:params/></con:representation><con:request name="Request 1" id="a92e18cf-8c59-4db0-bc9a-ec242b6452f7" mediaType="application/json"><con:settings/><con:endpoint>https://petstore.swagger.io</con:endpoint><con:credentials><con:selectedAuthProfile>No Authorization</con:selectedAuthProfile><con:authType>No Authorization</con:authType></con:credentials><con:parameters/></con:request></con:method></con:resource><con:resource name="Login" path="/v2/user/login" id="3e65065e-67af-4fec-9857-86d771d6e8e9"><con:settings/><con:parameters/><con:method name="Login" id="d6cff1ab-7993-4f9b-8482-6e76142cbd5a" method="GET"><con:settings/><con:parameters><con:parameter required="true"><con:name>username</con:name><con:value>{username}</con:value><con:style>QUERY</con:style><con:default>{username}</con:default><con:path xsi:nil="true"/><con:description xsi:nil="true"/></con:parameter><con:parameter required="true"><con:name>password</con:name><con:value>{password}</con:value><con:style>QUERY</con:style><con:default>{password}</con:default><con:path xsi:nil="true"/><con:description xsi:nil="true"/></con:parameter></con:parameters><con:representation type="RESPONSE"><con:mediaType>application/json</con:mediaType><con:status>200</con:status><con:params/><con:element xmlns:log="https://petstore.swagger.io/v2/user/login">log:Response</con:element></con:representation><con:request name="Request 1" id="babbbcc8-1320-453b-8306-f8a0ca57aa19" mediaType="application/json"><con:settings/><con:endpoint>https://petstore.swagger.io</con:endpoint><con:credentials><con:selectedAuthProfile>No Authorization</con:selectedAuthProfile><con:authType>No Authorization</con:authType></con:credentials><con:parameters><con:entry key="password" value="{password}"/><con:entry key="username" value="{username}"/></con:parameters><con:parameterOrder><con:entry>username</con:entry><con:entry>password</con:entry></con:parameterOrder></con:request></con:method></con:resource><con:resource name="Username" path="/v2/user/{username}" id="c0a6938f-1a92-4da9-b0ac-3c6b00fe2d1d"><con:settings/><con:parameters/><con:method name="Username" id="1699cae9-4721-4700-b149-c260c6a8df28" method="GET"><con:settings/><con:parameters><con:parameter required="true"><con:name>username</con:name><con:value>username</con:value><con:style>TEMPLATE</con:style><con:default>username</con:default><con:path xsi:nil="true"/><con:description xsi:nil="true"/></con:parameter></con:parameters><con:representation type="FAULT"><con:mediaType>application/json</con:mediaType><con:status>404</con:status><con:params/><con:element xmlns:ghos="https://petstore.swagger.io/v2/user/Ghost">ghos:Fault</con:element></con:representation><con:representation type="RESPONSE"><con:mediaType>application/json</con:mediaType><con:status>200</con:status><con:params/><con:element xmlns:ghos="https://petstore.swagger.io/v2/user/Ghost">ghos:Response</con:element></con:representation><con:representation type="FAULT"><con:mediaType>application/xml</con:mediaType><con:status>405</con:status><con:params/><con:element>apiResponse</con:element></con:representation><con:request name="Request 1" id="aad54482-c499-45fe-a47d-1342eecdf697" mediaType="application/json"><con:settings/><con:endpoint>https://petstore.swagger.io</con:endpoint><con:credentials><con:selectedAuthProfile>No Authorization</con:selectedAuthProfile><con:authType>No Authorization</con:authType></con:credentials><con:parameters><con:entry key="username" value="username"/></con:parameters><con:parameterOrder><con:entry>username</con:entry></con:parameterOrder></con:request></con:method><con:method name="Username 2" id="d83bbb2c-10c7-49f3-b48c-3ee9062b40b3" method="DELETE"><con:settings/><con:parameters><con:parameter required="true"><con:name>username</con:name><con:value>username</con:value><con:style>TEMPLATE</con:style><con:default>username</con:default><con:path xsi:nil="true"/><con:description xsi:nil="true"/></con:parameter></con:parameters><con:representation type="REQUEST"><con:mediaType>application/json</con:mediaType><con:params/></con:representation><con:representation type="RESPONSE"><con:mediaType>application/json</con:mediaType><con:status>200</con:status><con:params/><con:element xmlns:dane="https://petstore.swagger.io/v2/user/Dane">dane:Response</con:element></con:representation><con:request name="Request 1" id="bca4f933-d383-42c0-9a0e-b1cb5e75a037" mediaType="application/json" postQueryString="false"><con:settings><con:setting id="com.eviware.soapui.impl.wsdl.WsdlRequest@request-headers">&lt;xml-fragment/></con:setting></con:settings><con:endpoint>https://petstore.swagger.io</con:endpoint><con:request/><con:credentials><con:selectedAuthProfile>No Authorization</con:selectedAuthProfile><con:authType>No Authorization</con:authType></con:credentials><con:jmsConfig JMSDeliveryMode="PERSISTENT"/><con:parameters><con:entry key="username" value="username"/></con:parameters><con:parameterOrder><con:entry>username</con:entry></con:parameterOrder></con:request></con:method></con:resource><con:resource name="Logout" path="/v2/user/logout" id="b134e181-ae6f-44e4-952f-4cae4fa4fb9b"><con:settings/><con:parameters/><con:method name="Logout" id="3144c60f-ec0a-4a94-b5f7-3df9c935bac9" method="GET"><con:settings/><con:parameters/><con:representation type="RESPONSE"><con:mediaType>application/json</con:mediaType><con:status>200</con:status><con:params/><con:element xmlns:log="https://petstore.swagger.io/v2/user/logout">log:Response</con:element></con:representation><con:request name="Request 1" id="dfa0fa63-f6ad-4919-81f1-666ee58f8ce7" mediaType="application/json"><con:settings/><con:endpoint>https://petstore.swagger.io</con:endpoint><con:credentials><con:selectedAuthProfile>No Authorization</con:selectedAuthProfile><con:authType>No Authorization</con:authType></con:credentials><con:parameters/></con:request></con:method></con:resource></con:interface><con:testSuite id="9242a482-961e-4228-a5dd-fa2755c4c437" name="https://petstore.swagger.io Test Suite"><con:settings id="bbf1ad39-47ae-4988-84d0-037105c29c6a"/><con:runType>SEQUENTIAL</con:runType><con:testCase id="09d68c37-4282-4667-864d-af0219289d4e" discardOkResults="false" failOnError="false" failTestCaseOnErrors="true" keepSession="false" name="Test Case" searchProperties="true" timeout="0" maxResults="0"><con:settings/><con:testStep type="restrequest" name="UserCreate" id="c9ebe960-e09f-46d9-bad6-3d65422d622e"><con:settings/><con:config service="https://petstore.swagger.io" resourcePath="/v2/user" methodName="User" xsi:type="con:RestRequestStep" xmlns:xsi="http://www.w3.org/2001/XMLSchema-instance"><con:restRequest name="UserCreate" id="a92e18cf-8c59-4db0-bc9a-ec242b6452f7" mediaType="application/json" postQueryString="false"><con:settings><con:setting id="com.eviware.soapui.impl.wsdl.WsdlRequest@request-headers">&lt;xml-fragment/></con:setting></con:settings><con:endpoint>https://petstore.swagger.io</con:endpoint><con:request>{
    "id": 1,
    "username": "Dane",
    "firstName": "Ghost",
    "lastName": "Doe",
    "email": "john@doe.com",
    "password": "testuser",
    "phone": "234567890",
    "userStatus": 0
}</con:request><con:originalUri>https://petstore.swagger.io/v2/user</con:originalUri><con:assertion type="Valid HTTP Status Codes" id="00ec9ea5-27b6-479d-9075-6f41109c9ed1" name="Valid HTTP Status Codes"><con:settings/><con:configuration><codes>200</codes></con:configuration></con:assertion><con:credentials><con:selectedAuthProfile>No Authorization</con:selectedAuthProfile><con:authType>No Authorization</con:authType></con:credentials><con:jmsConfig JMSDeliveryMode="PERSISTENT"/><con:parameters/></con:restRequest></con:config></con:testStep><con:testStep type="restrequest" name="Login" id="cf92d66b-e790-4458-a85a-907ed6b98afe"><con:settings/><con:config service="https://petstore.swagger.io" resourcePath="/v2/user/login" methodName="Login" xsi:type="con:RestRequestStep" xmlns:xsi="http://www.w3.org/2001/XMLSchema-instance"><con:restRequest name="Login" id="babbbcc8-1320-453b-8306-f8a0ca57aa19" mediaType="application/json"><con:settings><con:setting id="com.eviware.soapui.impl.wsdl.WsdlRequest@request-headers">&lt;xml-fragment/></con:setting></con:settings><con:endpoint>https://petstore.swagger.io</con:endpoint><con:request/><con:originalUri>https://petstore.swagger.io/v2/user/login</con:originalUri><con:assertion type="Valid HTTP Status Codes" id="d5200360-574a-4ecf-8ca5-059ac3ece9a0" name="Valid HTTP Status Codes"><con:settings/><con:configuration><codes>200</codes></con:configuration></con:assertion><con:credentials><con:selectedAuthProfile>No Authorization</con:selectedAuthProfile><con:authType>No Authorization</con:authType></con:credentials><con:jmsConfig JMSDeliveryMode="PERSISTENT"/><con:parameters><con:entry key="password" value="${UserCreate#Request#$['password']}"/><con:entry key="username" value="${UserCreate#Request#$['username']}"/></con:parameters><con:parameterOrder><con:entry>username</con:entry><con:entry>password</con:entry></con:parameterOrder></con:restRequest></con:config></con:testStep><con:testStep type="restrequest" name="GetUserInfo" id="bca5604f-c589-43f0-bd38-1b7531f0f7ef"><con:settings/><con:config service="https://petstore.swagger.io" resourcePath="/v2/user/{username}" methodName="Username" xsi:type="con:RestRequestStep" xmlns:xsi="http://www.w3.org/2001/XMLSchema-instance"><con:restRequest name="GetUserInfo" id="aad54482-c499-45fe-a47d-1342eecdf697" mediaType="application/json"><con:settings><con:setting id="com.eviware.soapui.impl.wsdl.WsdlRequest@request-headers">&lt;xml-fragment/></con:setting></con:settings><con:endpoint>https://petstore.swagger.io</con:endpoint><con:request/><con:originalUri>https://petstore.swagger.io/v2/user/Ghost</con:originalUri><con:assertion type="Valid HTTP Status Codes" id="a23c452e-285e-4f80-9bb7-3b26360afe09" name="Valid HTTP Status Codes"><con:settings/><con:configuration><codes>200</codes></con:configuration></con:assertion><con:credentials><con:selectedAuthProfile>No Authorization</con:selectedAuthProfile><con:authType>No Authorization</con:authType></con:credentials><con:jmsConfig JMSDeliveryMode="PERSISTENT"/><con:parameters><con:entry key="username" value="Dane"/></con:parameters><con:parameterOrder><con:entry>username</con:entry></con:parameterOrder></con:restRequest></con:config></con:testStep><con:testStep type="restrequest" name="Logout" id="78d676af-0328-4192-891d-47cdefaf0033"><con:settings/><con:config service="https://petstore.swagger.io" resourcePath="/v2/user/logout" methodName="Logout" xsi:type="con:RestRequestStep" xmlns:xsi="http://www.w3.org/2001/XMLSchema-instance"><con:restRequest name="Logout" id="dfa0fa63-f6ad-4919-81f1-666ee58f8ce7" mediaType="application/json"><con:settings><con:setting id="com.eviware.soapui.impl.wsdl.WsdlRequest@request-headers">&lt;xml-fragment/></con:setting></con:settings><con:endpoint>https://petstore.swagger.io</con:endpoint><con:request/><con:originalUri>https://petstore.swagger.io/v2/user/logout</con:originalUri><con:assertion type="Valid HTTP Status Codes" id="3950050d-07a0-4bd2-b8fc-24e34a29a7ae" name="Valid HTTP Status Codes"><con:settings/><con:configuration><codes>200</codes></con:configuration></con:assertion><con:credentials><con:selectedAuthProfile>No Authorization</con:selectedAuthProfile><con:authType>No Authorization</con:authType></con:credentials><con:jmsConfig JMSDeliveryMode="PERSISTENT"/><con:parameters/></con:restRequest></con:config></con:testStep><con:testStep type="restrequest" name="Delete" id="ec9388e0-5f80-4c99-813c-d3778de30f1f"><con:settings/><con:config service="https://petstore.swagger.io" resourcePath="/v2/user/{username}" methodName="Username 2" xsi:type="con:RestRequestStep" xmlns:xsi="http://www.w3.org/2001/XMLSchema-instance"><con:restRequest name="Delete" id="bca4f933-d383-42c0-9a0e-b1cb5e75a037" mediaType="application/json" postQueryString="false"><con:settings><con:setting id="com.eviware.soapui.impl.wsdl.WsdlRequest@request-headers">&lt;xml-fragment/></con:setting></con:settings><con:endpoint>https://petstore.swagger.io</con:endpoint><con:request/><con:originalUri>https://petstore.swagger.io/v2/user/Dane</con:originalUri><con:assertion type="Valid HTTP Status Codes" id="15221dfd-df14-47ca-a543-eb74fff4aac3" name="Valid HTTP Status Codes"><con:settings/><con:configuration><codes>200</codes></con:configuration></con:assertion><con:credentials><con:selectedAuthProfile>No Authorization</con:selectedAuthProfile><con:authType>No Authorization</con:authType></con:credentials><con:jmsConfig JMSDeliveryMode="PERSISTENT"/><con:parameters><con:entry key="username" value="${UserCreate#Request#$['username']}"/></con:parameters><con:parameterOrder><con:entry>username</con:entry></con:parameterOrder></con:restRequest></con:config></con:testStep><con:properties/><con:reportParameters/></con:testCase><con:properties/><con:reportParameters/></con:testSuite><con:requirements/><con:properties/><con:wssContainer/><con:databaseConnectionContainer/><con:jmsConnectionContainer/><con:oAuth2ProfileContainer/><con:oAuth1ProfileContainer/><con:reporting><con:xmlTemplates/><con:parameters/></con:reporting><con:eventHandlers type="RequestFilter.filterRequest" name="RequestFilter.filterRequest"><con:script>// Sample event script to add custom HTTP header to all outgoing REST, SOAP and HTTP(S) calls
// This code is often used for adding custom authentication to ReadyAPI functional tests

// If hardcoding the token, uncomment and change line 5
// token = '4567'

// If your token is parameterized in Project level custom property, uncomment line 8
// token = request.parent.testCase.testSuite.project.getProperty('auth_token').getValue()

// To modify all outgoing calls, remove comments from lines 11 to 16
// headers = request.requestHeaders
// if (headers.containsKey('auth_token2') == false) {
//   headers.put('auth_token2', token)
//   request.requestHeaders = headers
// }</con:script></con:eventHandlers><con:eventHandlers type="TestRunListener.afterStep" name="TestRunListener.afterStep"><con:script>// Save all test step results into files
// Change the directory path in line 5 to a location where you want to store details
// then uncomment lines 5 to 10

// filePath = 'C:\\tempOutputDirectory\\'
// fos = new java.io.FileOutputStream(filePath + testStepResult.testStep.label + '.txt', true)
// pw = new java.io.PrintWriter(fos)
// testStepResult.writeTo(pw)
// pw.close()
// fos.close()</con:script></con:eventHandlers><con:authRepository/><con:tags/></con:soapui-project>