<?xml version="1.0" encoding="UTF-8"?>
<con:soapui-project id="a7533cf0-9787-46b0-a56b-268c1b06804e" created="3.47.0" activeEnvironment="Default environment" encryptionMode="Not encrypted" name="Activity5" resourceRoot="${projectDir}" projectVersion="" updated="3.47.0 2023-06-30T11:24:47Z" xmlns:con="http://eviware.com/soapui/config"><con:settings/><con:interface xsi:type="con:RestService" id="b3dff39d-6bc1-4fc1-a599-074fc6648bef" wadlVersion="http://wadl.dev.java.net/2009/02" name="http://ipwhois.app" type="rest" xmlns:xsi="http://www.w3.org/2001/XMLSchema-instance"><con:settings id="e358a92b-83ee-47d6-bedf-517637d05db8"/><con:definitionCache type="TEXT" rootPart=""/><con:endpoints><con:endpoint>http://ipwhois.app</con:endpoint></con:endpoints><con:resource name="IP" path="/json/{IP}" id="a0a341fe-49ef-48a3-9b86-091cc5d1c724"><con:settings/><con:parameters/><con:method name="IP" id="cbefef27-4e28-4a26-b91d-2e483e3618a7" method="GET"><con:settings/><con:parameters><con:parameter required="true"><con:name>IP</con:name><con:value>IP</con:value><con:style>TEMPLATE</con:style><con:default>IP</con:default><con:path xsi:nil="true"/><con:description xsi:nil="true"/></con:parameter></con:parameters><con:representation type="RESPONSE"><con:mediaType>application/json; charset=utf-8</con:mediaType><con:status>200</con:status><con:params/><con:element xmlns:ns="http://ipwhois.app/json/164.172.55.44">ns:Response</con:element></con:representation><con:request name="Request 1" id="d3ed1ec2-8ee3-4849-a5a3-c236cba0fbb4" mediaType="application/json"><con:settings/><con:endpoint>http://ipwhois.app</con:endpoint><con:credentials><con:selectedAuthProfile>No Authorization</con:selectedAuthProfile><con:authType>No Authorization</con:authType></con:credentials><con:parameters><con:entry key="IP" value="IP"/></con:parameters><con:parameterOrder><con:entry>IP</con:entry></con:parameterOrder></con:request></con:method></con:resource></con:interface><con:testSuite id="a180c322-8e8e-4692-96ba-a3c163e7bd02" name="http://ipwhois.app Test Suite"><con:settings id="922b1915-fdce-4edd-aeca-dbec69b49e88"/><con:runType>SEQUENTIAL</con:runType><con:testCase id="75654e14-84bf-4542-b386-434be91811ef" discardOkResults="false" failOnError="false" failTestCaseOnErrors="true" keepSession="false" name="http://ipwhois.app Test Case 1" searchProperties="true" timeout="0"><con:settings/><con:testStep type="datasource" name="Data Source" id="24fafdde-76db-4691-9643-f6c6d27e5eb1"><con:settings/><con:config xsi:type="con:DataSourceStep" xmlns:xsi="http://www.w3.org/2001/XMLSchema-instance"><con:dataSource type="Excel"><con:configuration><file>Activity5Data.xlsx</file><worksheet>Sheet1</worksheet><cell>A2</cell><ignoreEmpty>false</ignoreEmpty><evaluateFormulas>false</evaluateFormulas></con:configuration></con:dataSource><con:shared>true</con:shared><con:restartShared>true</con:restartShared><con:property>IP Address</con:property><con:property>Country</con:property><con:completeLastOperation>true</con:completeLastOperation><con:restartOnRun>true</con:restartOnRun><con:stopDatasourceExhausted>false</con:stopDatasourceExhausted></con:config></con:testStep><con:testStep type="restrequest" name="GetCountry" id="6cc5c56c-66d1-47a5-94fa-5b0d3653f44e"><con:settings/><con:config service="http://ipwhois.app" resourcePath="/json/{IP}" methodName="IP" xsi:type="con:RestRequestStep" xmlns:xsi="http://www.w3.org/2001/XMLSchema-instance"><con:restRequest name="GetCountry" id="d3ed1ec2-8ee3-4849-a5a3-c236cba0fbb4" mediaType="application/json"><con:settings><con:setting id="com.eviware.soapui.impl.wsdl.WsdlRequest@request-headers">&lt;xml-fragment/></con:setting></con:settings><con:endpoint>http://ipwhois.app</con:endpoint><con:request/><con:originalUri>http://ipwhois.app/json/164.172.55.44</con:originalUri><con:assertion type="Valid HTTP Status Codes" id="4b4fb94a-9847-4c76-8295-a8585e81d863" name="Valid HTTP Status Codes"><con:settings/><con:configuration><codes>200</codes></con:configuration></con:assertion><con:assertion type="JsonPath Match" id="edb0af7f-d2cd-4e75-a1ba-5d557ed8c360" name="JSONPath Match"><con:configuration><path>$['country']</path><content>${Data Source#Country}</content><allowWildcards>false</allowWildcards><ignoreNamspaceDifferences>false</ignoreNamspaceDifferences><ignoreComments>false</ignoreComments></con:configuration></con:assertion><con:credentials><con:selectedAuthProfile>No Authorization</con:selectedAuthProfile><con:authType>No Authorization</con:authType></con:credentials><con:jmsConfig JMSDeliveryMode="PERSISTENT"/><con:parameters><con:entry key="IP" value="${Data Source#IP Address}"/></con:parameters><con:parameterOrder><con:entry>IP</con:entry></con:parameterOrder></con:restRequest></con:config></con:testStep><con:testStep type="datasourceloop" name="Data Source Loop" id="ec103962-fc5f-4aaf-a894-01930a97f699"><con:settings/><con:config><dataSourceStep>Data Source</dataSourceStep><targetStep>Request 1</targetStep><discardResults>true</discardResults></con:config></con:testStep><con:properties/><con:reportParameters/></con:testCase><con:properties/><con:reportParameters/></con:testSuite><con:requirements/><con:properties/><con:wssContainer/><con:databaseConnectionContainer/><con:jmsConnectionContainer/><con:oAuth2ProfileContainer/><con:oAuth1ProfileContainer/><con:reporting><con:xmlTemplates/><con:parameters/></con:reporting><con:eventHandlers type="RequestFilter.filterRequest" name="RequestFilter.filterRequest"><con:script>// Sample event script to add custom HTTP header to all outgoing REST, SOAP and HTTP(S) calls
// This code is often used for adding custom authentication to ReadyAPI functional tests

// If hardcoding the token, uncomment and change line 5
// token = '4567'

// If your token is parameterized in Project level custom property, uncomment line 8
// token = request.parent.testCase.testSuite.project.getProperty('auth_token').getValue()

// To modify all outgoing calls, remove comments from lines 11 to 16
// headers = request.requestHeaders
// if (headers.containsKey('auth_token2') == false) {
//   headers.put('auth_token2', token)
//   request.requestHeaders = headers
// }</con:script></con:eventHandlers><con:eventHandlers type="TestRunListener.afterStep" name="TestRunListener.afterStep"><con:script>// Save all test step results into files
// Change the directory path in line 5 to a location where you want to store details
// then uncomment lines 5 to 10

// filePath = 'C:\\tempOutputDirectory\\'
// fos = new java.io.FileOutputStream(filePath + testStepResult.testStep.label + '.txt', true)
// pw = new java.io.PrintWriter(fos)
// testStepResult.writeTo(pw)
// pw.close()
// fos.close()</con:script></con:eventHandlers><con:authRepository/><con:tags/></con:soapui-project>